property_id,area_sqm,bedrooms,age_years,distance_km,price_thousands
p001,197.4,5,38,9.00,648.4
p002,167.8,4,46,18.39,526.1
p003,116.2,3,1,13.08,409.3
p004,48.9,3,18,0.66,208.3
p005,184.2,5,36,10.00,605.5
p006,190.0,5,26,0.50,663.8
p007,70.0,2,15,13.31,233.7
p008,61.1,3,46,14.60,148.6
p009,200.0,3,17,2.83,710.3
p010,55.1,2,12,5.95,214.9
p011,108.6,2,17,12.72,361.3
p012,168.1,2,3,13.88,545.7
p013,88.4,3,12,21.45,249.4
p014,163.8,2,58,21.99,435.6
p015,199.6,5,23,17.80,632.2
p016,69.2,3,52,2.23,226.7
p017,105.7,2,25,0.87,390.8
p018,174.1,1,6,2.84,626.9
p019,62.9,1,20,2.05,246.6
p020,206.2,5,20,16.39,650.3
p021,95.5,4,28,19.06,287.7
p022,156.5,3,35,1.75,552.3
p023,160.9,3,28,15.94,484.2
p024,113.6,5,9,16.11,399.4
p025,149.2,4,21,11.02,526.2
p026,99.2,2,47,16.96,263.3
p027,48.6,5,31,10.97,186.9
p028,68.0,2,28,16.12,194.4
p029,110.3,1,39,10.74,308.7
p030,72.7,2,37,13.70,195.3
p031,188.4,1,49,15.62,523.3
p032,98.8,3,57,20.15,258.8
p033,70.1,2,23,19.20,204.7
p034,65.0,4,31,12.22,246.3
p035,135.3,5,6,3.39,524.4
p036,152.9,3,44,20.95,430.2
p037,202.2,5,4,4.40,745.5
p038,146.9,5,22,21.74,465.6
p039,186.8,5,43,2.76,661.6
p040,94.6,2,31,0.26,350.1
p041,103.0,1,47,11.31,281.5
p042,141.3,2,36,18.51,372.9
p043,62.7,5,24,9.22,214.2
p044,200.6,2,26,16.81,614.4
p045,111.0,5,2,7.94,418.8
p046,118.9,2,7,11.77,399.6
p047,60.6,4,29,7.25,231.6
p048,170.4,3,9,8.34,586.0
p049,152.5,2,53,17.26,406.0
p050,67.6,2,21,21.76,149.5
p051,65.4,1,43,14.36,174.8
p052,115.7,5,52,11.59,354.2
p053,71.1,2,50,7.26,223.7
p054,58.1,3,11,13.71,181.5
p055,209.5,3,23,15.01,652.8
p056,66.0,5,11,8.30,313.6
p057,123.2,4,56,0.94,387.9
p058,78.5,2,2,7.86,311.4
p059,47.9,1,19,4.71,163.0
p060,132.9,2,18,13.20,430.2
p061,152.3,5,44,10.28,532.8
p062,199.3,2,51,13.45,623.8
p063,208.1,3,46,11.94,649.3
p064,180.8,3,53,8.04,570.4
p065,84.7,3,16,14.28,299.5
p066,78.6,4,60,6.72,260.7
p067,79.9,2,31,10.19,231.9
p068,156.6,2,4,7.55,527.1
p069,94.1,4,4,2.91,413.3
p070,117.0,5,24,18.90,368.8
p071,125.9,2,53,5.95,360.3
p072,89.6,1,33,15.47,208.4
p073,106.7,3,10,21.16,344.1
p074,137.5,2,29,4.25,465.3
p075,66.0,3,37,16.70,171.9
p076,91.6,1,28,2.54,306.9
p077,131.2,5,7,15.04,431.4
p078,45.8,1,9,15.98,135.4
p079,197.7,2,1,4.94,697.2
p080,192.0,1,30,16.50,576.5
p081,93.8,5,58,7.51,284.9
p082,159.9,5,50,8.35,516.5
p083,75.8,3,55,10.15,217.2
p084,172.5,2,47,6.09,512.3
p085,168.1,2,12,10.58,558.6
p086,55.4,1,24,12.58,113.4
p087,162.9,1,31,16.82,482.4
p088,62.4,2,0,19.03,186.2
p089,115.5,2,54,3.23,367.8
p090,50.3,4,17,4.93,198.1
p091,178.9,4,41,20.44,527.1
p092,138.7,3,18,4.08,520.5
p093,109.5,4,35,19.44,318.4
p094,50.3,4,26,16.62,156.9
p095,91.3,5,40,5.50,339.2
p096,100.7,3,22,8.98,351.2
p097,76.4,5,18,16.21,251.2
p098,208.4,4,12,1.90,774.0
p099,115.0,4,14,11.48,365.7
p100,60.1,1,21,4.45,176.9
p101,190.0,3,35,5.53,624.6
p102,100.2,5,33,14.00,326.8
p103,52.4,4,44,0.88,216.6
p104,46.3,5,54,16.23,123.4
p105,46.3,5,28,10.38,196.9
p106,208.8,5,51,7.16,702.4
p107,118.6,4,54,13.18,324.2
p108,171.1,3,11,15.08,562.4
p109,149.1,3,29,20.75,455.7
p110,109.7,4,2,12.62,399.7
p111,115.8,2,1,10.87,393.7
p112,133.8,2,53,4.71,425.5
p113,94.6,5,41,15.63,338.2
p114,121.0,1,31,6.62,380.6
p115,94.3,4,56,11.44,275.2
p116,46.4,2,8,21.88,126.7
p117,56.5,4,35,7.01,184.3
p118,148.3,1,13,20.39,453.8
p119,186.2,5,52,21.37,525.2
p120,103.0,5,37,4.32,382.3
p121,126.1,1,15,17.87,376.0
p122,179.7,3,32,8.18,583.6
p123,111.7,3,38,14.16,336.0
p124,85.5,5,29,10.77,293.4
p125,146.9,5,11,16.21,504.0
p126,120.7,1,22,1.22,417.6
p127,168.2,3,31,18.30,538.7
p128,188.3,4,24,0.97,701.5
p129,45.2,3,28,3.01,172.0
p130,124.5,5,9,19.75,472.8
p131,75.5,1,18,7.26,207.2
p132,193.2,5,32,11.65,637.3
p133,159.7,2,36,12.27,462.1
p134,96.5,4,48,7.02,328.9
p135,131.3,5,17,9.55,460.0
p136,129.5,2,32,2.55,421.3
p137,86.6,5,38,0.96,314.7
p138,190.0,2,42,5.25,594.6
p139,55.3,4,15,20.65,151.7
p140,109.0,4,34,10.41,374.0
p141,164.7,5,5,3.08,624.8
p142,145.4,4,47,1.68,512.3
p143,145.1,1,29,3.04,494.9
p144,161.0,1,18,16.98,523.5
p145,155.0,3,2,19.61,515.3
p146,115.8,5,28,16.56,378.0
p147,120.7,1,46,18.21,276.3
p148,67.5,5,55,14.98,175.7
p149,66.4,4,60,18.55,128.5
p150,171.8,3,39,15.12,508.6
